"line","replicate","type","block","date_start","date_emerging","hour_emerging","total_hours","lowbound","upbound","dispersal_status","nb_egg","species"
"81a",1,"F",4,"2021-06-16","2021-06-29",9,312,11,13,"null_disp",22,"principium"
"81a",2,"F",4,"2021-06-16","2021-06-29",9,312,11,13,"null_disp",4,"principium"
"81a",3,"F",4,"2021-06-16","2021-06-29",16,319,11,13,"null_disp",4,"principium"
"81a",4,"F",4,"2021-06-16","2021-06-28",9,288,10,12,"null_disp",13,"principium"
"81a",5,"F",4,"2021-06-16","2021-06-28",16,295,10,12,"null_disp",16,"principium"
"81a",6,"F",4,"2021-06-16",NA,NA,NA,NA,NA,"null_disp",0,"principium"
"81a",7,"D",4,"2021-06-16","2021-07-01",16,367,13,15,"no_disp",1,"principium"
"81a",8,"D",4,"2021-06-16",NA,NA,NA,NA,NA,"no_disp",0,"principium"
"81a",9,"D",4,"2021-06-16","2021-06-29",9,312,11,13,"no_disp",37,"principium"
"81a",10,"D",4,"2021-06-16",NA,NA,NA,NA,NA,"no_disp",0,"principium"
"81a",11,"D",4,"2021-06-16","2021-06-29",9,312,11,13,"no_disp",18,"principium"
"81a",12,"D",4,"2021-06-16","2021-06-29",12,315,11,13,"no_disp",10,"principium"
"81a",13,"D",4,"2021-06-16","2021-06-29",9,312,11,13,"no_disp",14,"principium"
"81a",14,"D",4,"2021-06-16","2021-06-29",9,312,11,13,"no_disp",46,"principium"
"81a",15,"D",4,"2021-06-16","2021-06-29",9,312,11,13,"no_disp",9,"principium"
"81a",16,"D",4,"2021-06-16","2021-06-29",9,312,11,13,"no_disp",23,"principium"
"81a",17,"F",4,"2021-06-16",NA,NA,NA,NA,NA,"null_disp",0,"principium"
"81a",18,"F",4,"2021-06-16",NA,NA,NA,NA,NA,"null_disp",0,"principium"
"81a",19,"F",4,"2021-06-16","2021-06-29",9,312,11,13,"null_disp",22,"principium"
"81a",20,"F",4,"2021-06-16",NA,NA,NA,NA,NA,"null_disp",0,"principium"
"81a",21,"F",4,"2021-06-16","2021-06-29",9,312,11,13,"null_disp",43,"principium"
"81a",22,"F",4,"2021-06-16",NA,NA,NA,NA,NA,"null_disp",0,"principium"
"81a",23,"D",4,"2021-06-16","2021-06-29",9,312,11,13,"no_disp",46,"principium"
"81a",24,"D",4,"2021-06-16",NA,NA,NA,NA,NA,"no_disp",0,"principium"
"81a",25,"D",4,"2021-06-16","2021-06-29",9,312,11,13,"no_disp",36,"principium"
"81a",26,"D",4,"2021-06-16","2021-06-30",9,336,12,14,"yes_disp",24,"principium"
"81a",27,"D",4,"2021-06-16","2021-06-29",9,312,11,13,"no_disp",16,"principium"
"81a",28,"D",4,"2021-06-16","2021-06-29",9,312,11,13,"yes_disp",5,"principium"
"81a",29,"D",4,"2021-06-16","2021-06-29",9,312,11,13,"no_disp",34,"principium"
"81a",30,"D",4,"2021-06-16","2021-06-28",16,295,10,12,"no_disp",52,"principium"
"81a",31,"D",4,"2021-06-16","2021-06-29",9,312,11,13,"no_disp",20,"principium"
"81a",32,"D",4,"2021-06-16","2021-06-29",16,319,11,13,"no_disp",3,"principium"
"BIO-XA",1,"F",4,"2021-06-16",NA,NA,NA,NA,NA,"null_disp",0,"evanescens"
"BIO-XA",2,"F",4,"2021-06-16","2021-06-29",9,312,11,13,"null_disp",14,"evanescens"
"BIO-XA",3,"F",4,"2021-06-16","2021-06-29",9,312,11,13,"null_disp",33,"evanescens"
"BIO-XA",4,"F",4,"2021-06-16","2021-06-29",9,312,11,13,"null_disp",25,"evanescens"
"BIO-XA",7,"D",4,"2021-06-16",NA,NA,NA,NA,NA,"no_disp",0,"evanescens"
"BIO-XA",8,"D",4,"2021-06-16","2021-06-29",9,312,11,13,"no_disp",8,"evanescens"
"BIO-XA",9,"D",4,"2021-06-16","2021-06-30",9,336,12,14,"no_disp",32,"evanescens"
"BIO-XA",10,"D",4,"2021-06-16","2021-06-29",9,312,11,13,"no_disp",19,"evanescens"
"BIO-XA",11,"D",4,"2021-06-16",NA,NA,NA,NA,NA,"no_disp",0,"evanescens"
"BIO-XA",12,"D",4,"2021-06-16","2021-06-29",9,312,11,13,"no_disp",10,"evanescens"
"BIO-XA",13,"D",4,"2021-06-16",NA,NA,NA,NA,NA,"no_disp",0,"evanescens"
"BIO-XA",14,"D",4,"2021-06-16","2021-06-30",9,336,12,14,"no_disp",17,"evanescens"
"BIO-XE",1,"F",3,"2021-06-08","2021-06-23",9,360,13,15,"null_disp",15,"evanescens"
"BIO-XE",2,"F",3,"2021-06-08","2021-06-23",12,363,13,15,"null_disp",1,"evanescens"
"BIO-XE",3,"F",3,"2021-06-08",NA,NA,NA,NA,NA,"null_disp",0,"evanescens"
"BIO-XE",4,"F",3,"2021-06-08","2021-06-22",9,336,12,14,"null_disp",19,"evanescens"
"BIO-XE",5,"F",3,"2021-06-08","2021-06-22",12,339,12,14,"null_disp",19,"evanescens"
"BIO-XE",6,"F",3,"2021-06-08","2021-06-22",9,336,12,14,"null_disp",30,"evanescens"
"BIO-XE",7,"F",3,"2021-06-08","2021-06-22",9,336,12,14,"null_disp",19,"evanescens"
"BIO-XE",8,"F",3,"2021-06-08",NA,NA,NA,NA,NA,"null_disp",0,"evanescens"
"BIO-XE",9,"F",3,"2021-06-08",NA,NA,NA,NA,NA,"null_disp",0,"evanescens"
"BIO-XE",10,"F",3,"2021-06-08","2021-06-21",12,315,11,13,"null_disp",16,"evanescens"
"BIO-XE",11,"F",3,"2021-06-08","2021-06-22",9,336,12,14,"null_disp",27,"evanescens"
"BIO-XE",12,"F",3,"2021-06-08","2021-06-21",9,312,11,13,"null_disp",16,"evanescens"
"BIO-XE",13,"D",3,"2021-06-08","2021-06-21",9,312,11,13,"no_disp",25,"evanescens"
"BIO-XE",14,"D",3,"2021-06-08",NA,NA,NA,NA,NA,"no_disp",0,"evanescens"
"BIO-XE",15,"D",3,"2021-06-08","2021-06-22",9,336,12,14,"no_disp",21,"evanescens"
"BIO-XE",16,"D",3,"2021-06-08","2021-06-22",9,336,12,14,"no_disp",19,"evanescens"
"BIO-XE",17,"D",3,"2021-06-08","2021-06-21",9,312,11,13,"no_disp",2,"evanescens"
"BIO-XE",18,"D",3,"2021-06-08",NA,NA,NA,NA,NA,"no_disp",0,"evanescens"
"BIO-XE",19,"D",3,"2021-06-08",NA,NA,NA,NA,NA,"no_disp",1,"evanescens"
"BIO-XE",20,"D",3,"2021-06-08",NA,NA,NA,NA,NA,"no_disp",0,"evanescens"
"BIO-XE",21,"D",3,"2021-06-08","2021-06-22",9,336,12,14,"no_disp",22,"evanescens"
"BIO-XE",22,"D",3,"2021-06-08","2021-06-22",9,336,12,14,"no_disp",17,"evanescens"
"BIO-XE",23,"D",3,"2021-06-08","2021-06-20",12,291,10,12,"yes_disp",27,"evanescens"
"BIO-XE",24,"D",3,"2021-06-08",NA,NA,NA,NA,NA,"no_disp",0,"evanescens"
"BIO-XE",25,"D",3,"2021-06-08","2021-06-21",16,319,11,13,"no_disp",25,"evanescens"
"BIO-XE",26,"D",3,"2021-06-08","2021-06-22",9,336,12,14,"yes_disp",1,"evanescens"
"BIO-XE",27,"D",3,"2021-06-08","2021-06-21",9,312,11,13,"no_disp",1,"evanescens"
"BIO-XE",28,"D",3,"2021-06-08","2021-06-22",9,336,12,14,"yes_disp",17,"evanescens"
"BIO-XE",29,"D",3,"2021-06-08","2021-06-22",9,336,12,14,"no_disp",22,"evanescens"
"BIO-XE",30,"D",3,"2021-06-08",NA,NA,NA,NA,NA,"no_disp",0,"evanescens"
"BIO-XE",31,"D",3,"2021-06-08","2021-06-22",12,339,12,14,"no_disp",20,"evanescens"
"BIO-XE",32,"D",3,"2021-06-08",NA,NA,NA,NA,NA,"no_disp",0,"evanescens"
"BIO-XK",1,"F",3,"2021-06-08","2021-06-22",12,339,12,14,"null_disp",20,"evanescens"
"BIO-XK",2,"F",3,"2021-06-08","2021-06-22",9,336,12,14,"null_disp",23,"evanescens"
"BIO-XK",3,"F",3,"2021-06-08","2021-06-21",9,312,11,13,"null_disp",15,"evanescens"
"BIO-XK",4,"F",3,"2021-06-08","2021-06-22",9,336,12,14,"null_disp",17,"evanescens"
"BIO-XK",5,"F",3,"2021-06-08",NA,NA,NA,NA,NA,"null_disp",0,"evanescens"
"BIO-XK",6,"F",3,"2021-06-08",NA,NA,NA,NA,NA,"null_disp",0,"evanescens"
"BIO-XK",7,"D",3,"2021-06-08","2021-06-23",9,360,13,15,"no_disp",24,"evanescens"
"BIO-XK",8,"D",3,"2021-06-08",NA,NA,NA,NA,NA,"no_disp",0,"evanescens"
"BIO-XK",9,"D",3,"2021-06-08",NA,NA,NA,NA,NA,"no_disp",0,"evanescens"
"BIO-XK",10,"D",3,"2021-06-08","2021-06-21",9,312,11,13,"no_disp",27,"evanescens"
"BIO-XK",11,"D",3,"2021-06-08","2021-06-22",9,336,12,14,"no_disp",30,"evanescens"
"BIO-XK",12,"D",3,"2021-06-08","2021-06-23",9,360,13,15,"no_disp",24,"evanescens"
"BIO-XK",13,"D",3,"2021-06-08","2021-06-21",9,312,11,13,"no_disp",18,"evanescens"
"BIO-XK",14,"D",3,"2021-06-08","2021-06-22",9,336,12,14,"no_disp",29,"evanescens"
"BIO-XK",15,"D",3,"2021-06-08","2021-06-21",9,312,11,13,"no_disp",18,"evanescens"
"BIO-XK",16,"D",3,"2021-06-08","2021-06-22",9,336,12,14,"no_disp",20,"evanescens"
"BIO-XK",17,"F",3,"2021-06-08","2021-06-22",9,336,12,14,"null_disp",27,"evanescens"
"BIO-XK",18,"F",3,"2021-06-08","2021-06-21",9,312,11,13,"null_disp",27,"evanescens"
"BIO-XK",19,"F",3,"2021-06-08","2021-06-22",9,336,12,14,"null_disp",20,"evanescens"
"BIO-XK",20,"F",3,"2021-06-08","2021-06-22",9,336,12,14,"null_disp",19,"evanescens"
"BIO-XK",21,"F",3,"2021-06-08","2021-06-22",9,336,12,14,"null_disp",23,"evanescens"
"BIO-XK",22,"F",3,"2021-06-08","2021-06-21",12,315,11,13,"null_disp",29,"evanescens"
"BIO-XK",23,"D",3,"2021-06-08",NA,NA,NA,NA,NA,"no_disp",1,"evanescens"
"BIO-XK",24,"D",3,"2021-06-08","2021-06-23",9,360,13,15,"no_disp",7,"evanescens"
"BIO-XK",25,"D",3,"2021-06-08","2021-06-21",16,319,11,13,"no_disp",24,"evanescens"
"BIO-XK",26,"D",3,"2021-06-08","2021-06-21",16,319,11,13,"no_disp",24,"evanescens"
"BIO-XK",27,"D",3,"2021-06-08","2021-06-23",9,360,13,15,"no_disp",13,"evanescens"
"BIO-XK",28,"D",3,"2021-06-08","2021-06-21",9,312,11,13,"no_disp",20,"evanescens"
"BIO-XK",29,"D",3,"2021-06-08","2021-06-21",9,312,11,13,"yes_disp",11,"evanescens"
"BIO-XK",30,"D",3,"2021-06-08","2021-06-22",9,336,12,14,"no_disp",22,"evanescens"
"BIO-XK",31,"D",3,"2021-06-08","2021-06-21",9,312,11,13,"no_disp",26,"evanescens"
"BIO-XK",32,"D",3,"2021-06-08","2021-06-21",9,312,11,13,"no_disp",21,"evanescens"
"BL110",1,"F",5,"2021-06-24","2021-07-09",9,360,13,15,"null_disp",34,"semblidis"
"BL110",2,"F",5,"2021-06-24","2021-07-06",16,295,10,12,"null_disp",37,"semblidis"
"BL110",3,"F",5,"2021-06-24","2021-07-07",9,312,11,13,"null_disp",31,"semblidis"
"BL110",4,"F",5,"2021-06-24","2021-07-07",9,312,11,13,"null_disp",46,"semblidis"
"BL110",5,"F",5,"2021-06-24","2021-07-07",9,312,11,13,"null_disp",48,"semblidis"
"BL110",6,"F",5,"2021-06-24",NA,NA,NA,NA,NA,"null_disp",0,"semblidis"
"BL110",7,"F",5,"2021-06-24","2021-07-08",9,336,12,14,"null_disp",24,"semblidis"
"BL110",8,"F",5,"2021-06-24","2021-07-09",9,360,13,15,"null_disp",14,"semblidis"
"BL110",9,"F",5,"2021-06-24",NA,NA,NA,NA,NA,"null_disp",0,"semblidis"
"BL110",10,"F",5,"2021-06-24",NA,NA,NA,NA,NA,"null_disp",0,"semblidis"
"BL110",11,"F",5,"2021-06-24","2021-07-07",9,312,11,13,"null_disp",1,"semblidis"
"BL110",12,"F",5,"2021-06-24","2021-07-07",9,312,11,13,"null_disp",56,"semblidis"
"BL110",13,"D",5,"2021-06-24","2021-07-09",12,363,13,15,"yes_disp",38,"semblidis"
"BL110",14,"D",5,"2021-06-24",NA,NA,NA,NA,NA,"no_disp",0,"semblidis"
"BL110",15,"D",5,"2021-06-24","2021-07-06",12,291,10,12,"yes_disp",2,"semblidis"
"BL110",16,"D",5,"2021-06-24",NA,NA,NA,NA,NA,"no_disp",0,"semblidis"
"BL110",17,"D",5,"2021-06-24",NA,NA,NA,NA,NA,"no_disp",0,"semblidis"
"BL110",18,"D",5,"2021-06-24","2021-07-07",9,312,11,13,"no_disp",47,"semblidis"
"BL110",19,"D",5,"2021-06-24","2021-07-08",9,336,12,14,"no_disp",1,"semblidis"
"BL110",20,"D",5,"2021-06-24","2021-07-06",16,295,10,12,"no_disp",47,"semblidis"
"BL110",21,"D",5,"2021-06-24","2021-07-07",9,312,11,13,"no_disp",57,"semblidis"
"BL110",22,"D",5,"2021-06-24","2021-07-07",9,312,11,13,"no_disp",53,"semblidis"
"BL110",23,"D",5,"2021-06-24","2021-07-08",9,336,12,14,"no_disp",41,"semblidis"
"BL110",24,"D",5,"2021-06-24","2021-07-06",16,295,10,12,"yes_disp",4,"semblidis"
"BL110",25,"D",5,"2021-06-24",NA,NA,NA,NA,NA,"no_disp",0,"semblidis"
"BL110",26,"D",5,"2021-06-24",NA,NA,NA,NA,NA,"no_disp",0,"semblidis"
"BL110",27,"D",5,"2021-06-24",NA,NA,NA,NA,NA,"no_disp",0,"semblidis"
"BL110",28,"D",5,"2021-06-24","2021-07-07",16,319,11,13,"yes_disp",1,"semblidis"
"BL110",29,"D",5,"2021-06-24",NA,NA,NA,NA,NA,"yes_disp",1,"semblidis"
"BL110",30,"D",5,"2021-06-24","2021-07-06",12,291,10,12,"yes_disp",53,"semblidis"
"BL110",31,"D",5,"2021-06-24",NA,NA,NA,NA,NA,"no_disp",0,"semblidis"
"BL110",32,"D",5,"2021-06-24","2021-07-06",16,295,10,12,"no_disp",49,"semblidis"
"CVR065",1,"F",1,"2021-06-01","2021-06-13",12,291,10,12,"null_disp",1,"semblidis"
"CVR065",2,"F",1,"2021-06-01","2021-06-13",12,291,10,12,"null_disp",10,"semblidis"
"CVR065",3,"F",1,"2021-06-01",NA,NA,NA,NA,NA,"null_disp",0,"semblidis"
"CVR065",4,"D",1,"2021-06-01","2021-06-13",9,288,10,12,"no_disp",70,"semblidis"
"CVR065",5,"D",1,"2021-06-01","2021-06-14",9,312,11,13,"no_disp",24,"semblidis"
"CVR065",6,"D",1,"2021-06-01","2021-06-14",9,312,11,13,"no_disp",25,"semblidis"
"CVR065",7,"D",1,"2021-06-01","2021-06-13",9,288,10,12,NA,NA,"semblidis"
"CVR065",1,"F",2,"2021-06-02",NA,NA,NA,NA,NA,"null_disp",0,"semblidis"
"CVR065",2,"F",2,"2021-06-02","2021-06-15",9,312,11,13,"null_disp",24,"semblidis"
"CVR065",3,"F",2,"2021-06-02","2021-06-14",9,288,10,12,"null_disp",25,"semblidis"
"CVR065",4,"D",2,"2021-06-02","2021-06-14",9,288,10,12,"no_disp",58,"semblidis"
"CVR065",5,"D",2,"2021-06-02","2021-06-14",9,288,10,12,"no_disp",30,"semblidis"
"CVR065",6,"D",2,"2021-06-02","2021-06-15",9,312,11,13,"no_disp",32,"semblidis"
"CVR065",7,"D",2,"2021-06-02","2021-06-13",16,271,9,11,"no_disp",1,"semblidis"
"CVR065",8,"D",2,"2021-06-02","2021-06-14",9,288,10,12,"no_disp",26,"semblidis"
"CVR065",9,"F",2,"2021-06-02","2021-06-14",9,288,10,12,"null_disp",33,"semblidis"
"CVR065",10,"F",2,"2021-06-02","2021-06-14",9,288,10,12,"null_disp",19,"semblidis"
"CVR065",11,"F",2,"2021-06-02","2021-06-14",9,288,10,12,"null_disp",41,"semblidis"
"CVR065",12,"F",2,"2021-06-02","2021-06-14",9,288,10,12,"null_disp",26,"semblidis"
"CVR065",13,"F",2,"2021-06-02","2021-06-14",9,288,10,12,"null_disp",29,"semblidis"
"CVR065",14,"F",2,"2021-06-02",NA,NA,NA,NA,NA,"null_disp",0,"semblidis"
"CVR065",15,"D",2,"2021-06-02",NA,NA,NA,NA,NA,"no_disp",0,"semblidis"
"CVR065",16,"D",2,"2021-06-02",NA,NA,NA,NA,NA,"no_disp",0,"semblidis"
"CVR065",17,"D",2,"2021-06-02","2021-06-14",9,288,10,12,"no_disp",36,"semblidis"
"CVR065",18,"D",2,"2021-06-02","2021-06-14",9,288,10,12,"no_disp",42,"semblidis"
"CVR065",19,"D",2,"2021-06-02","2021-06-14",9,288,10,12,"no_disp",24,"semblidis"
"CVR065",20,"D",2,"2021-06-02",NA,NA,NA,NA,NA,"no_disp",0,"semblidis"
"CVR065",21,"D",2,"2021-06-02","2021-06-14",9,288,10,12,"yes_disp",19,"semblidis"
"CVR065",22,"D",2,"2021-06-02","2021-06-14",9,288,10,12,"no_disp",23,"semblidis"
"CVR065",23,"D",2,"2021-06-02","2021-06-14",12,291,10,12,"yes_disp",21,"semblidis"
"CVR065",24,"D",2,"2021-06-02","2021-06-14",9,288,10,12,"no_disp",33,"semblidis"
"CVR065",25,"D",2,"2021-06-02","2021-06-14",9,288,10,12,"no_disp",18,"semblidis"
"F3-2",1,"F",1,"2021-06-01","2021-06-13",9,288,10,12,"null_disp",50,"brassicae"
"F3-2",2,"F",1,"2021-06-01","2021-06-12",9,264,9,11,"null_disp",39,"brassicae"
"F3-2",3,"F",1,"2021-06-01","2021-06-13",9,288,10,12,"null_disp",31,"brassicae"
"F3-2",4,"F",1,"2021-06-01","2021-06-12",9,264,9,11,"null_disp",36,"brassicae"
"F3-2",7,"D",1,"2021-06-01","2021-06-12",9,264,9,11,"no_disp",49,"brassicae"
"F3-2",8,"D",1,"2021-06-01","2021-06-12",9,264,9,11,"no_disp",27,"brassicae"
"F3-2",9,"D",1,"2021-06-01","2021-06-13",9,288,10,12,"no_disp",10,"brassicae"
"F3-2",10,"D",1,"2021-06-01","2021-06-14",9,312,11,13,"no_disp",7,"brassicae"
"F3-2",11,"D",1,"2021-06-01","2021-06-13",9,288,10,12,"no_disp",13,"brassicae"
"F3-2",12,"D",1,"2021-06-01",NA,NA,NA,NA,NA,"no_disp",0,"brassicae"
"F3-2",1,"F",2,"2021-06-02",NA,NA,NA,NA,NA,"null_disp",0,"brassicae"
"F3-2",2,"F",2,"2021-06-02","2021-06-15",9,312,11,13,"null_disp",38,"brassicae"
"F3-2",3,"F",2,"2021-06-02",NA,NA,NA,NA,NA,"null_disp",0,"brassicae"
"F3-2",4,"D",2,"2021-06-02","2021-06-14",9,288,10,12,"no_disp",6,"brassicae"
"F3-2",5,"D",2,"2021-06-02",NA,NA,NA,NA,NA,"no_disp",0,"brassicae"
"F3-2",6,"D",2,"2021-06-02","2021-06-14",12,291,10,12,"no_disp",33,"brassicae"
"F3-2",7,"D",2,"2021-06-02","2021-06-15",16,319,11,13,"no_disp",31,"brassicae"
"F3-2",8,"D",2,"2021-06-02",NA,NA,NA,NA,NA,"no_disp",0,"brassicae"
"F3-2",9,"F",2,"2021-06-02","2021-06-15",9,312,11,13,"null_disp",42,"brassicae"
"F3-2",10,"F",2,"2021-06-02",NA,NA,NA,NA,NA,"null_disp",0,"brassicae"
"F3-2",11,"F",2,"2021-06-02",NA,NA,NA,NA,NA,"null_disp",0,"brassicae"
"F3-2",12,"F",2,"2021-06-02","2021-06-14",12,291,10,12,"null_disp",30,"brassicae"
"F3-2",13,"F",2,"2021-06-02","2021-06-14",16,295,10,12,"null_disp",20,"brassicae"
"F3-2",14,"D",2,"2021-06-02","2021-06-15",9,312,11,13,"no_disp",35,"brassicae"
"F3-2",15,"D",2,"2021-06-02",NA,NA,NA,NA,NA,"no_disp",0,"brassicae"
"F3-2",16,"D",2,"2021-06-02","2021-06-14",9,288,10,12,"no_disp",23,"brassicae"
"F3-2",17,"D",2,"2021-06-02",NA,NA,NA,NA,NA,"no_disp",0,"brassicae"
"F3-2",18,"D",2,"2021-06-02","2021-06-14",9,288,10,12,"no_disp",35,"brassicae"
"F3-2",19,"D",2,"2021-06-02","2021-06-13",16,271,9,11,"no_disp",37,"brassicae"
"F3-2",20,"D",2,"2021-06-02","2021-06-14",9,288,10,12,"no_disp",17,"brassicae"
"F3-2",21,"D",2,"2021-06-02","2021-06-14",12,291,10,12,"no_disp",1,"brassicae"
"F3-2",22,"D",2,"2021-06-02","2021-06-15",9,312,11,13,"no_disp",29,"brassicae"
"F3-9",1,"F",3,"2021-06-08","2021-06-22",12,339,12,14,"null_disp",1,"brassicae"
"F3-9",2,"F",3,"2021-06-08","2021-06-21",9,312,11,13,"null_disp",52,"brassicae"
"F3-9",3,"F",3,"2021-06-08",NA,NA,NA,NA,NA,"null_disp",0,"brassicae"
"F3-9",4,"F",3,"2021-06-08","2021-06-21",9,312,11,13,"null_disp",54,"brassicae"
"F3-9",5,"F",3,"2021-06-08",NA,NA,NA,NA,NA,"null_disp",0,"brassicae"
"F3-9",6,"F",3,"2021-06-08","2021-06-23",9,360,13,15,"null_disp",3,"brassicae"
"F3-9",7,"D",3,"2021-06-08","2021-06-22",9,336,12,14,"no_disp",50,"brassicae"
"F3-9",8,"D",3,"2021-06-08",NA,NA,NA,NA,NA,"no_disp",0,"brassicae"
"F3-9",9,"D",3,"2021-06-08","2021-06-21",12,315,11,13,"no_disp",9,"brassicae"
"F3-9",10,"D",3,"2021-06-08","2021-06-20",12,291,10,12,"yes_disp",1,"brassicae"
"F3-9",11,"D",3,"2021-06-08","2021-06-21",9,312,11,13,"no_disp",10,"brassicae"
"F3-9",12,"D",3,"2021-06-08","2021-06-21",9,312,11,13,"no_disp",38,"brassicae"
"F3-9",13,"D",3,"2021-06-08",NA,NA,NA,NA,NA,"no_disp",0,"brassicae"
"F3-9",14,"D",3,"2021-06-08","2021-06-21",16,319,11,13,"no_disp",28,"brassicae"
"F3-9",15,"D",3,"2021-06-08",NA,NA,NA,NA,NA,"no_disp",0,"brassicae"
"F3-9",16,"D",3,"2021-06-08","2021-06-21",9,312,11,13,"no_disp",47,"brassicae"
"F3-9",17,"F",3,"2021-06-08",NA,NA,NA,NA,NA,"null_disp",0,"brassicae"
"F3-9",18,"F",3,"2021-06-08",NA,NA,NA,NA,NA,"null_disp",0,"brassicae"
"F3-9",19,"F",3,"2021-06-08",NA,NA,NA,NA,NA,"null_disp",0,"brassicae"
"F3-9",20,"F",3,"2021-06-08",NA,NA,NA,NA,NA,"null_disp",0,"brassicae"
"F3-9",21,"F",3,"2021-06-08",NA,NA,NA,NA,NA,"null_disp",0,"brassicae"
"F3-9",22,"F",3,"2021-06-08","2021-06-21",9,312,11,13,"null_disp",5,"brassicae"
"F3-9",23,"D",3,"2021-06-08","2021-06-21",9,312,11,13,"no_disp",17,"brassicae"
"F3-9",24,"D",3,"2021-06-08","2021-06-21",12,315,11,13,"yes_disp",1,"brassicae"
"F3-9",25,"D",3,"2021-06-08",NA,NA,NA,NA,NA,"no_disp",0,"brassicae"
"F3-9",26,"D",3,"2021-06-08",NA,NA,NA,NA,NA,"no_disp",0,"brassicae"
"F3-9",27,"D",3,"2021-06-08",NA,NA,NA,NA,NA,"yes_disp",1,"brassicae"
"F3-9",28,"D",3,"2021-06-08",NA,NA,NA,NA,NA,"no_disp",0,"brassicae"
"F3-9",29,"D",3,"2021-06-08","2021-06-21",9,312,11,13,"no_disp",57,"brassicae"
"F3-9",30,"D",3,"2021-06-08",NA,NA,NA,NA,NA,"no_disp",0,"brassicae"
"F3-9",31,"D",3,"2021-06-08",NA,NA,NA,NA,NA,"no_disp",0,"brassicae"
"F3-9",32,"D",3,"2021-06-08","2021-06-21",9,312,11,13,"yes_disp",40,"brassicae"
"F5-11",1,"F",4,"2021-06-16",NA,NA,NA,NA,NA,"null_disp",0,"brassicae"
"F5-11",2,"F",4,"2021-06-16","2021-06-30",9,336,12,14,"null_disp",17,"brassicae"
"F5-11",3,"F",4,"2021-06-16","2021-06-29",9,312,11,13,"null_disp",33,"brassicae"
"F5-11",4,"F",4,"2021-06-16","2021-06-29",9,312,11,13,"null_disp",29,"brassicae"
"F5-11",5,"F",4,"2021-06-16","2021-07-01",9,360,13,15,"null_disp",26,"brassicae"
"F5-11",6,"F",4,"2021-06-16",NA,NA,NA,NA,NA,"null_disp",0,"brassicae"
"F5-11",13,"D",4,"2021-06-16",NA,NA,NA,NA,NA,"no_disp",0,"brassicae"
"F5-11",14,"D",4,"2021-06-16","2021-06-30",9,336,12,14,"no_disp",37,"brassicae"
"F5-11",15,"D",4,"2021-06-16","2021-06-29",9,312,11,13,"no_disp",29,"brassicae"
"F5-11",16,"D",4,"2021-06-16","2021-06-30",9,336,12,14,"no_disp",21,"brassicae"
"F5-11",17,"D",4,"2021-06-16","2021-06-29",9,312,11,13,"no_disp",33,"brassicae"
"F5-11",18,"D",4,"2021-06-16","2021-06-29",9,312,11,13,"no_disp",32,"brassicae"
"F5-11",19,"D",4,"2021-06-16","2021-06-29",16,312,11,13,"no_disp",24,"brassicae"
"F5-11",20,"D",4,"2021-06-16","2021-06-29",12,315,11,13,"no_disp",33,"brassicae"
"F5-11",21,"D",4,"2021-06-16","2021-06-29",12,315,11,13,"no_disp",37,"brassicae"
"F5-11",22,"D",4,"2021-06-16","2021-06-29",9,312,11,13,"no_disp",38,"brassicae"
"F5-11",23,"D",4,"2021-06-16","2021-06-30",9,336,12,14,"yes_disp",30,"brassicae"
"F5-11",24,"D",4,"2021-06-16","2021-06-30",9,336,12,14,"no_disp",36,"brassicae"
"F5-11",25,"D",4,"2021-06-16","2021-07-01",9,360,13,15,"no_disp",22,"brassicae"
"F5-11",26,"D",4,"2021-06-16","2021-06-29",9,312,11,13,"no_disp",34,"brassicae"
"F5-12",1,"F",2,"2021-06-02",NA,NA,NA,NA,NA,"null_disp",0,"brassicae"
"F5-12",2,"F",2,"2021-06-02","2021-06-14",9,288,10,12,"null_disp",63,"brassicae"
"F5-12",4,"D",2,"2021-06-02","2021-06-14",9,288,10,12,"no_disp",51,"brassicae"
"F5-12",5,"D",2,"2021-06-02","2021-06-14",9,288,10,12,"no_disp",38,"brassicae"
"F5-12",6,"D",2,"2021-06-02","2021-06-14",9,288,10,12,"no_disp",20,"brassicae"
"F5-12",7,"D",2,"2021-06-02",NA,NA,NA,NA,NA,"no_disp",0,"brassicae"
"F5-12",8,"D",2,"2021-06-02",NA,NA,NA,NA,NA,"no_disp",0,"brassicae"
"F5-12",1,"F",4,"2021-06-16",NA,NA,NA,NA,NA,"null_disp",0,"brassicae"
"F5-12",2,"F",4,"2021-06-16",NA,NA,NA,NA,NA,"null_disp",0,"brassicae"
"F5-12",3,"F",4,"2021-06-16","2021-06-29",16,319,11,13,"null_disp",42,"brassicae"
"F5-12",4,"F",4,"2021-06-16","2021-06-29",9,312,11,13,"null_disp",10,"brassicae"
"F5-12",13,"D",4,"2021-06-16",NA,NA,NA,NA,NA,"no_disp",0,"brassicae"
"F5-12",14,"D",4,"2021-06-16",NA,NA,NA,NA,NA,"no_disp",0,"brassicae"
"F5-12",15,"D",4,"2021-06-16",NA,NA,NA,NA,NA,"no_disp",0,"brassicae"
"F5-12",16,"D",4,"2021-06-16","2021-06-29",9,312,11,13,"yes_disp",49,"brassicae"
"F5-12",17,"D",4,"2021-06-16","2021-06-29",16,319,11,13,"yes_disp",4,"brassicae"
"F5-12",18,"D",4,"2021-06-16","2021-07-01",9,360,13,15,"no_disp",38,"brassicae"
"F5-12",19,"D",4,"2021-06-16","2021-06-29",9,312,11,13,"no_disp",27,"brassicae"
"F5-12",20,"D",4,"2021-06-16",NA,NA,NA,NA,NA,"no_disp",0,"brassicae"
"F5-12",1,"F",5,"2021-06-24",NA,NA,NA,NA,NA,"null_disp",0,"brassicae"
"F5-12",2,"F",5,"2021-06-24",NA,NA,NA,NA,NA,"null_disp",0,"brassicae"
"F5-12",3,"F",5,"2021-06-24",NA,NA,NA,NA,NA,"null_disp",0,"brassicae"
"F5-12",4,"F",5,"2021-06-24",NA,NA,NA,NA,NA,"null_disp",0,"brassicae"
"F5-12",5,"F",5,"2021-06-24",NA,NA,NA,NA,NA,"null_disp",0,"brassicae"
"F5-12",6,"F",5,"2021-06-24",NA,NA,NA,NA,NA,"null_disp",0,"brassicae"
"F5-12",7,"D",5,"2021-06-24","2021-07-06",16,295,10,12,"no_disp",1,"brassicae"
"F5-12",8,"D",5,"2021-06-24","2021-07-08",12,339,12,14,"no_disp",1,"brassicae"
"F5-12",9,"D",5,"2021-06-24",NA,NA,NA,NA,NA,"no_disp",0,"brassicae"
"F5-12",10,"D",5,"2021-06-24",NA,NA,NA,NA,NA,"no_disp",0,"brassicae"
"F5-12",11,"D",5,"2021-06-24",NA,NA,NA,NA,NA,"no_disp",0,"brassicae"
"F5-12",12,"D",5,"2021-06-24","2021-07-07",12,315,11,13,"yes_disp",1,"brassicae"
"F5-12",13,"D",5,"2021-06-24","2021-07-07",9,312,11,13,"yes_disp",24,"brassicae"
"F5-8",1,"F",4,"2021-06-16","2021-06-28",9,288,10,12,"null_disp",51,"brassicae"
"F5-8",2,"F",4,"2021-06-16","2021-06-29",16,319,11,13,"null_disp",9,"brassicae"
"F5-8",3,"F",4,"2021-06-16","2021-06-29",9,312,11,13,"null_disp",47,"brassicae"
"F5-8",4,"F",4,"2021-06-16","2021-06-29",9,312,11,13,"null_disp",19,"brassicae"
"F5-8",5,"F",4,"2021-06-16","2021-06-29",9,312,11,13,"null_disp",20,"brassicae"
"F5-8",6,"F",4,"2021-06-16",NA,NA,NA,NA,NA,"null_disp",0,"brassicae"
"F5-8",7,"D",4,"2021-06-16","2021-06-30",9,336,12,14,"no_disp",38,"brassicae"
"F5-8",8,"D",4,"2021-06-16","2021-06-28",16,295,10,12,"no_disp",44,"brassicae"
"F5-8",9,"D",4,"2021-06-16","2021-06-29",9,312,11,13,"no_disp",54,"brassicae"
"F5-8",10,"D",4,"2021-06-16","2021-06-28",16,295,10,12,"yes_disp",47,"brassicae"
"F5-8",11,"D",4,"2021-06-16","2021-06-30",12,339,12,14,"no_disp",26,"brassicae"
"F5-8",12,"D",4,"2021-06-16",NA,NA,NA,NA,NA,"yes_disp",1,"brassicae"
"F5-8",13,"D",4,"2021-06-16","2021-06-29",9,312,11,13,"no_disp",15,"brassicae"
"F5-8",14,"D",4,"2021-06-16","2021-06-28",9,288,10,12,"no_disp",54,"brassicae"
"F5-8",15,"D",4,"2021-06-16",NA,NA,NA,NA,NA,"no_disp",0,"brassicae"
"F5-8",16,"D",4,"2021-06-16",NA,NA,NA,NA,NA,"no_disp",0,"brassicae"
"F6-4",1,"F",1,"2021-06-01","2021-06-13",9,288,10,12,"null_disp",37,"brassicae"
"F6-4",2,"F",1,"2021-06-01","2021-06-13",9,288,10,12,"null_disp",43,"brassicae"
"F6-4",3,"F",1,"2021-06-01",NA,NA,NA,NA,NA,"null_disp",0,"brassicae"
"F6-4",4,"F",1,"2021-06-01","2021-06-13",9,288,10,12,"null_disp",42,"brassicae"
"F6-4",7,"D",1,"2021-06-01","2021-06-12",9,264,9,11,"no_disp",47,"brassicae"
"F6-4",8,"D",1,"2021-06-01",NA,NA,NA,NA,NA,"no_disp",0,"brassicae"
"F6-4",9,"D",1,"2021-06-01","2021-06-14",9,312,11,13,"no_disp",35,"brassicae"
"F6-4",10,"D",1,"2021-06-01",NA,NA,NA,NA,NA,"no_disp",1,"brassicae"
"F6-4",11,"D",1,"2021-06-01","2021-06-12",16,271,9,11,"no_disp",2,"brassicae"
"F6-4",12,"D",1,"2021-06-01","2021-06-12",16,271,9,11,"yes_disp",43,"brassicae"
"F6-4",13,"D",1,"2021-06-01",NA,NA,NA,NA,NA,"no_disp",0,"brassicae"
"F6-4",14,"D",1,"2021-06-01","2021-06-13",9,288,10,12,"no_disp",45,"brassicae"
"F6-4",1,"F",2,"2021-06-02",NA,NA,NA,NA,NA,"null_disp",0,"brassicae"
"F6-4",2,"F",2,"2021-06-02","2021-06-14",9,288,10,12,"null_disp",48,"brassicae"
"F6-4",3,"F",2,"2021-06-02",NA,NA,NA,NA,NA,"null_disp",0,"brassicae"
"F6-4",4,"F",2,"2021-06-02",NA,NA,NA,NA,NA,"null_disp",0,"brassicae"
"F6-4",5,"F",2,"2021-06-02","2021-06-16",16,343,12,14,"null_disp",1,"brassicae"
"F6-4",7,"D",2,"2021-06-02",NA,NA,NA,NA,NA,"no_disp",0,"brassicae"
"F6-4",8,"D",2,"2021-06-02",NA,NA,NA,NA,NA,"no_disp",0,"brassicae"
"F6-4",9,"D",2,"2021-06-02","2021-06-14",9,288,10,12,"yes_disp",31,"brassicae"
"F6-4",10,"D",2,"2021-06-02",NA,NA,NA,NA,NA,"no_disp",0,"brassicae"
"F6-4",11,"D",2,"2021-06-02",NA,NA,NA,NA,NA,"no_disp",0,"brassicae"
"F6-4",12,"D",2,"2021-06-02","2021-06-15",9,312,11,13,"no_disp",26,"brassicae"
"F6-4",13,"D",2,"2021-06-02","2021-06-17",9,360,13,15,"yes_disp",27,"brassicae"
"F6-4",14,"D",2,"2021-06-02","2021-06-18",9,384,14,16,"no_disp",13,"brassicae"
"F6-4",1,"F",3,"2021-06-08","2021-06-20",12,291,10,12,"null_disp",37,"brassicae"
"F6-4",2,"F",3,"2021-06-08","2021-06-21",9,312,11,13,"null_disp",40,"brassicae"
"F6-4",3,"F",3,"2021-06-08","2021-06-20",9,288,10,12,"null_disp",36,"brassicae"
"F6-4",4,"D",3,"2021-06-08",NA,NA,NA,NA,NA,"no_disp",0,"brassicae"
"F6-4",5,"D",3,"2021-06-08","2021-06-21",9,312,11,13,"yes_disp",14,"brassicae"
"F6-4",6,"D",3,"2021-06-08",NA,NA,NA,NA,NA,"no_disp",0,"brassicae"
"F6-4",7,"D",3,"2021-06-08","2021-06-21",9,312,11,13,"no_disp",48,"brassicae"
"FPV025",1,"F",1,"2021-06-01",NA,NA,NA,NA,NA,"null_disp",0,"semblidis"
"FPV025",2,"F",1,"2021-06-01",NA,NA,NA,NA,NA,"null_disp",0,"semblidis"
"FPV025",3,"F",1,"2021-06-01",NA,NA,NA,NA,NA,"null_disp",0,"semblidis"
"FPV025",4,"F",1,"2021-06-01",NA,NA,NA,NA,NA,"null_disp",0,"semblidis"
"FPV025",7,"D",1,"2021-06-01",NA,NA,NA,NA,NA,"no_disp",0,"semblidis"
"FPV025",8,"D",1,"2021-06-01",NA,NA,NA,NA,NA,"no_disp",0,"semblidis"
"FPV025",9,"D",1,"2021-06-01",NA,NA,NA,NA,NA,"no_disp",0,"semblidis"
"FPV025",10,"D",1,"2021-06-01",NA,NA,NA,NA,NA,"no_disp",0,"semblidis"
"FPV025",11,"D",1,"2021-06-01","2021-06-20",12,459,17,19,"no_disp",1,"semblidis"
"FPV025",12,"D",1,"2021-06-01",NA,NA,NA,NA,NA,"no_disp",0,"semblidis"
"FPV025",13,"D",1,"2021-06-01",NA,NA,NA,NA,NA,"no_disp",0,"semblidis"
"FPV025",14,"D",1,"2021-06-01",NA,NA,NA,NA,NA,"no_disp",0,"semblidis"
"FPV025",15,"D",1,"2021-06-01",NA,NA,NA,NA,NA,"no_disp",0,"semblidis"
"FPV025",1,"F",2,"2021-06-02",NA,NA,NA,NA,NA,"null_disp",0,"semblidis"
"FPV025",2,"F",2,"2021-06-02",NA,NA,NA,NA,NA,"null_disp",0,"semblidis"
"FPV025",7,"D",2,"2021-06-02",NA,NA,NA,NA,NA,"no_disp",0,"semblidis"
"FPV025",8,"D",2,"2021-06-02",NA,NA,NA,NA,NA,"no_disp",0,"semblidis"
"FPV025",9,"D",2,"2021-06-02",NA,NA,NA,NA,NA,"no_disp",0,"semblidis"
"FPV025",10,"D",2,"2021-06-02",NA,NA,NA,NA,NA,"no_disp",0,"semblidis"
"FPV025",1,"F",3,"2021-06-08",NA,NA,NA,NA,NA,"null_disp",0,"semblidis"
"FPV025",2,"F",3,"2021-06-08","2021-06-23",9,360,13,15,"null_disp",20,"semblidis"
"FPV025",3,"F",3,"2021-06-08",NA,NA,NA,NA,NA,"null_disp",0,"semblidis"
"FPV025",4,"F",3,"2021-06-08",NA,NA,NA,NA,NA,"null_disp",0,"semblidis"
"FPV025",5,"F",3,"2021-06-08",NA,NA,NA,NA,NA,"null_disp",0,"semblidis"
"FPV025",6,"F",3,"2021-06-08","2021-06-21",9,312,11,13,"null_disp",2,"semblidis"
"FPV025",7,"D",3,"2021-06-08","2021-06-20",16,295,10,12,"yes_disp",2,"semblidis"
"FPV025",8,"D",3,"2021-06-08",NA,NA,NA,NA,NA,"no_disp",0,"semblidis"
"FPV025",9,"D",3,"2021-06-08","2021-06-23",9,360,13,15,"no_disp",20,"semblidis"
"FPV025",10,"D",3,"2021-06-08","2021-06-20",16,295,10,12,"no_disp",21,"semblidis"
"FPV025",11,"D",3,"2021-06-08",NA,NA,NA,NA,NA,"yes_disp",1,"semblidis"
"FPV025",12,"D",3,"2021-06-08",NA,NA,NA,NA,NA,"no_disp",0,"semblidis"
"FPV025",13,"D",3,"2021-06-08","2021-06-21",16,319,11,13,"no_disp",23,"semblidis"
"FPV034-A",1,"F",5,"2021-06-24","2021-07-08",9,336,12,14,"null_disp",42,"semblidis"
"FPV034-A",2,"F",5,"2021-06-24",NA,NA,NA,NA,NA,"null_disp",0,"semblidis"
"FPV034-A",3,"F",5,"2021-06-24","2021-07-07",9,312,11,13,"null_disp",34,"semblidis"
"FPV034-A",4,"F",5,"2021-06-24","2021-07-06",9,288,10,12,"null_disp",48,"semblidis"
"FPV034-A",5,"F",5,"2021-06-24","2021-07-07",9,312,11,13,"null_disp",35,"semblidis"
"FPV034-A",6,"F",5,"2021-06-24",NA,NA,NA,NA,NA,"null_disp",0,"semblidis"
"FPV034-A",7,"F",5,"2021-06-24","2021-07-06",9,288,10,12,"null_disp",33,"semblidis"
"FPV034-A",13,"D",5,"2021-06-24","2021-07-07",9,312,11,13,"no_disp",52,"semblidis"
"FPV034-A",14,"D",5,"2021-06-24","2021-07-07",9,312,11,13,"no_disp",41,"semblidis"
"FPV034-A",15,"D",5,"2021-06-24","2021-07-09",9,360,13,15,"no_disp",36,"semblidis"
"FPV034-A",16,"D",5,"2021-06-24","2021-07-07",9,312,11,13,"yes_disp",1,"semblidis"
"FPV034-A",17,"D",5,"2021-06-24",NA,NA,NA,NA,NA,"no_disp",1,"semblidis"
"FPV034-A",18,"D",5,"2021-06-24","2021-07-09",9,360,13,15,"no_disp",7,"semblidis"
"FPV034-A",19,"D",5,"2021-06-24","2021-07-07",9,312,11,13,"no_disp",39,"semblidis"
"FPV034-A",20,"D",5,"2021-06-24",NA,NA,NA,NA,NA,"no_disp",1,"semblidis"
"FPV034-A",21,"D",5,"2021-06-24","2021-07-07",9,312,11,13,"no_disp",50,"semblidis"
"FPV034-A",22,"D",5,"2021-06-24","2021-07-07",12,315,11,13,"no_disp",35,"semblidis"
"FPV034-A",23,"D",5,"2021-06-24",NA,NA,NA,NA,NA,"no_disp",1,"semblidis"
"FPV034-A",24,"D",5,"2021-06-24",NA,NA,NA,NA,NA,"no_disp",0,"semblidis"
"FPV034-A",25,"D",5,"2021-06-24","2021-07-07",9,312,11,13,"no_disp",40,"semblidis"
"FPV034-A",26,"D",5,"2021-06-24",NA,NA,NA,NA,NA,"no_disp",0,"semblidis"
"H-03",1,"F",2,"2021-06-02",NA,NA,NA,NA,NA,"null_disp",0,"evanescens"
"H-03",7,"D",2,"2021-06-02","2021-06-15",9,312,11,13,"no_disp",6,"evanescens"
"H-03",1,"F",3,"2021-06-08",NA,NA,NA,NA,NA,"null_disp",0,"evanescens"
"H-03",2,"F",3,"2021-06-08","2021-06-21",16,319,11,13,"null_disp",32,"evanescens"
"H-03",3,"F",3,"2021-06-08","2021-06-22",9,336,12,14,"null_disp",24,"evanescens"
"H-03",4,"F",3,"2021-06-08",NA,NA,NA,NA,NA,"null_disp",1,"evanescens"
"H-03",5,"F",3,"2021-06-08",NA,NA,NA,NA,NA,"null_disp",0,"evanescens"
"H-03",6,"F",3,"2021-06-08",NA,NA,NA,NA,NA,"null_disp",0,"evanescens"
"H-03",7,"F",3,"2021-06-08","2021-06-22",9,336,12,14,"null_disp",23,"evanescens"
"H-03",8,"F",3,"2021-06-08","2021-06-22",9,336,12,14,"null_disp",22,"evanescens"
"H-03",9,"F",3,"2021-06-08","2021-06-21",9,312,11,13,"null_disp",29,"evanescens"
"H-03",10,"F",3,"2021-06-08",NA,NA,NA,NA,NA,"null_disp",0,"evanescens"
"H-03",11,"F",3,"2021-06-08","2021-06-21",9,312,11,13,"null_disp",5,"evanescens"
"H-03",12,"D",3,"2021-06-08","2021-06-23",9,360,13,15,"no_disp",19,"evanescens"
"H-03",13,"D",3,"2021-06-08","2021-06-22",9,336,12,14,"yes_disp",38,"evanescens"
"H-03",14,"D",3,"2021-06-08","2021-06-22",9,336,12,14,"no_disp",25,"evanescens"
"H-03",15,"D",3,"2021-06-08","2021-06-22",9,336,12,14,"no_disp",5,"evanescens"
"H-03",16,"D",3,"2021-06-08","2021-06-22",12,339,12,14,"no_disp",9,"evanescens"
"H-03",17,"D",3,"2021-06-08",NA,NA,NA,NA,NA,"no_disp",1,"evanescens"
"H-03",18,"D",3,"2021-06-08",NA,NA,NA,NA,NA,"no_disp",1,"evanescens"
"H-03",19,"D",3,"2021-06-08",NA,NA,NA,NA,NA,"no_disp",0,"evanescens"
"H-03",20,"D",3,"2021-06-08","2021-06-21",16,319,11,13,"no_disp",19,"evanescens"
"H-03",21,"D",3,"2021-06-08",NA,NA,NA,NA,NA,"no_disp",0,"evanescens"
"H-03",22,"D",3,"2021-06-08",NA,NA,NA,NA,NA,"no_disp",1,"evanescens"
"H-03",23,"D",3,"2021-06-08","2021-06-21",12,315,11,13,"no_disp",19,"evanescens"
"H-03",24,"D",3,"2021-06-08",NA,NA,NA,NA,NA,"no_disp",0,"evanescens"
"H-03",25,"D",3,"2021-06-08",NA,NA,NA,NA,NA,"no_disp",0,"evanescens"
"H-03",26,"D",3,"2021-06-08",NA,NA,NA,NA,NA,"no_disp",0,"evanescens"
"H-03",27,"D",3,"2021-06-08","2021-06-22",12,339,12,14,"no_disp",1,"evanescens"
"H-03",28,"D",3,"2021-06-08",NA,NA,NA,NA,NA,"no_disp",0,"evanescens"
"H-03",29,"D",3,"2021-06-08",NA,NA,NA,NA,NA,"no_disp",0,"evanescens"
"H-03",30,"D",3,"2021-06-08","2021-06-23",9,360,13,15,"yes_disp",27,"evanescens"
"HY-05",1,"F",5,"2021-06-24",NA,NA,NA,NA,NA,"null_disp",0,"evanescens"
"HY-05",2,"F",5,"2021-06-24","2021-07-07",9,312,11,13,"null_disp",40,"evanescens"
"HY-05",3,"F",5,"2021-06-24","2021-07-08",16,343,12,14,"null_disp",26,"evanescens"
"HY-05",4,"F",5,"2021-06-24","2021-07-07",9,312,11,13,"null_disp",38,"evanescens"
"HY-05",5,"F",5,"2021-06-24","2021-07-07",9,312,11,13,"null_disp",35,"evanescens"
"HY-05",6,"F",5,"2021-06-24","2021-07-07",9,312,11,13,"null_disp",34,"evanescens"
"HY-05",7,"F",5,"2021-06-24","2021-07-07",9,312,11,13,"null_disp",26,"evanescens"
"HY-05",8,"F",5,"2021-06-24","2021-07-07",9,312,11,13,"null_disp",26,"evanescens"
"HY-05",9,"F",5,"2021-06-24","2021-07-06",16,295,10,12,"null_disp",33,"evanescens"
"HY-05",10,"F",5,"2021-06-24","2021-07-07",9,312,11,13,"null_disp",42,"evanescens"
"HY-05",11,"F",5,"2021-06-24","2021-07-07",9,312,11,13,"null_disp",30,"evanescens"
"HY-05",12,"F",5,"2021-06-24","2021-07-07",9,312,11,13,"null_disp",18,"evanescens"
"HY-05",13,"D",5,"2021-06-24",NA,NA,NA,NA,NA,"no_disp",0,"evanescens"
"HY-05",14,"D",5,"2021-06-24","2021-07-07",9,312,11,13,"no_disp",25,"evanescens"
"HY-05",15,"D",5,"2021-06-24","2021-07-08",9,336,12,14,"no_disp",26,"evanescens"
"HY-05",16,"D",5,"2021-06-24",NA,NA,NA,NA,NA,"no_disp",0,"evanescens"
"HY-05",17,"D",5,"2021-06-24","2021-07-07",9,312,11,13,"yes_disp",22,"evanescens"
"HY-05",18,"D",5,"2021-06-24","2021-07-07",9,312,11,13,"no_disp",34,"evanescens"
"HY-05",19,"D",5,"2021-06-24",NA,NA,NA,NA,NA,"no_disp",0,"evanescens"
"HY-05",20,"D",5,"2021-06-24",NA,NA,NA,NA,NA,"no_disp",0,"evanescens"
"HY-05",21,"D",5,"2021-06-24","2021-07-07",9,312,11,13,"no_disp",30,"evanescens"
"HY-05",22,"D",5,"2021-06-24","2021-07-06",16,295,10,12,"yes_disp",29,"evanescens"
"HY-05",23,"D",5,"2021-06-24",NA,NA,NA,NA,NA,"no_disp",0,"evanescens"
"HY-05",24,"D",5,"2021-06-24","2021-07-07",9,312,11,13,"no_disp",21,"evanescens"
"HY-05",25,"D",5,"2021-06-24","2021-07-07",9,312,11,13,"no_disp",18,"evanescens"
"HY-05",26,"D",5,"2021-06-24",NA,NA,NA,NA,NA,"no_disp",0,"evanescens"
"HY-05",27,"D",5,"2021-06-24","2021-07-06",9,288,10,12,"no_disp",30,"evanescens"
"HY-05",28,"D",5,"2021-06-24","2021-07-07",9,312,11,13,"no_disp",30,"evanescens"
"HY-05",29,"D",5,"2021-06-24",NA,NA,NA,NA,NA,"no_disp",0,"evanescens"
"HY-05",30,"D",5,"2021-06-24","2021-07-07",9,312,11,13,"yes_disp",21,"evanescens"
"HY-05",31,"D",5,"2021-06-24","2021-07-08",9,336,12,14,"no_disp",1,"evanescens"
"HY-05",32,"D",5,"2021-06-24","2021-07-06",16,295,10,12,"no_disp",26,"evanescens"
"I2-16",1,"F",1,"2021-06-01",NA,NA,NA,NA,NA,"null_disp",0,"brassicae"
"I2-16",2,"F",1,"2021-06-01","2021-06-13",9,288,10,12,"null_disp",55,"brassicae"
"I2-16",13,"D",1,"2021-06-01","2021-06-14",16,319,11,13,"no_disp",59,"brassicae"
"I2-16",14,"D",1,"2021-06-01",NA,NA,NA,NA,NA,"no_disp",0,"brassicae"
"I2-16",15,"D",1,"2021-06-01","2021-06-13",9,288,10,12,"no_disp",20,"brassicae"
"I2-16",1,"F",2,"2021-06-02","2021-06-15",9,312,11,13,"null_disp",53,"brassicae"
"I2-16",2,"F",2,"2021-06-02","2021-06-15",9,312,11,13,"null_disp",51,"brassicae"
"I2-16",3,"F",2,"2021-06-02","2021-06-14",9,288,10,12,"null_disp",55,"brassicae"
"I2-16",4,"F",2,"2021-06-02","2021-06-14",9,288,10,12,"null_disp",76,"brassicae"
"I2-16",5,"F",2,"2021-06-02","2021-06-16",9,336,12,14,"null_disp",63,"brassicae"
"I2-16",6,"F",2,"2021-06-02",NA,NA,NA,NA,NA,"null_disp",0,"brassicae"
"I2-16",7,"F",2,"2021-06-02","2021-06-15",9,312,11,13,"null_disp",41,"brassicae"
"I2-16",8,"F",2,"2021-06-02","2021-06-15",9,312,11,13,"null_disp",73,"brassicae"
"I2-16",9,"F",2,"2021-06-02","2021-06-15",9,312,11,13,"null_disp",81,"brassicae"
"I2-16",10,"F",2,"2021-06-02","2021-06-15",9,312,11,13,"null_disp",57,"brassicae"
"I2-16",13,"D",2,"2021-06-02","2021-06-15",9,312,11,13,"no_disp",64,"brassicae"
"I2-16",14,"D",2,"2021-06-02","2021-06-14",9,288,10,12,"no_disp",57,"brassicae"
"I2-16",15,"D",2,"2021-06-02","2021-06-16",16,343,12,14,"yes_disp",1,"brassicae"
"I2-16",16,"D",2,"2021-06-02","2021-06-15",9,312,11,13,"no_disp",49,"brassicae"
"I2-16",17,"D",2,"2021-06-02",NA,NA,NA,NA,NA,"no_disp",0,"brassicae"
"I2-16",18,"D",2,"2021-06-02","2021-06-14",9,288,10,12,"no_disp",66,"brassicae"
"I2-16",19,"D",2,"2021-06-02","2021-06-14",16,295,10,12,"no_disp",28,"brassicae"
"I2-16",20,"D",2,"2021-06-02","2021-06-14",9,288,10,12,"yes_disp",69,"brassicae"
"I2-16",21,"D",2,"2021-06-02","2021-06-16",9,336,12,14,"no_disp",40,"brassicae"
"I2-16",22,"D",2,"2021-06-02","2021-06-15",9,312,11,13,"no_disp",65,"brassicae"
"I2-16",23,"D",2,"2021-06-02",NA,NA,NA,NA,NA,"no_disp",0,"brassicae"
"I2-16",24,"D",2,"2021-06-02","2021-06-14",9,288,10,12,"no_disp",67,"brassicae"
"I2-16",25,"D",2,"2021-06-02","2021-06-17",9,360,13,15,"yes_disp",47,"brassicae"
"I2-16",26,"D",2,"2021-06-02","2021-06-14",9,288,10,12,"no_disp",91,"brassicae"
"I2-16",27,"D",2,"2021-06-02","2021-06-14",16,295,10,12,"yes_disp",52,"brassicae"
"I2-16",28,"D",2,"2021-06-02","2021-06-15",9,312,11,13,"no_disp",65,"brassicae"
"I2-16",29,"D",2,"2021-06-02","2021-06-14",9,288,10,12,"no_disp",64,"brassicae"
"I6-5",1,"F",1,"2021-06-01",NA,NA,NA,NA,NA,"null_disp",0,"brassicae"
"I6-5",4,"D",1,"2021-06-01","2021-06-13",9,288,10,12,NA,NA,"brassicae"
"I6-5",1,"F",2,"2021-06-02","2021-06-17",9,360,13,15,"null_disp",38,"brassicae"
"I6-5",2,"F",2,"2021-06-02","2021-06-14",9,288,10,12,"null_disp",33,"brassicae"
"I6-5",3,"F",2,"2021-06-02","2021-06-14",9,288,10,12,"null_disp",51,"brassicae"
"I6-5",4,"D",2,"2021-06-02","2021-06-14",12,291,10,12,"no_disp",42,"brassicae"
"I6-5",5,"D",2,"2021-06-02","2021-06-14",9,288,10,12,"no_disp",46,"brassicae"
"I6-5",6,"D",2,"2021-06-02","2021-06-14",9,288,10,12,"no_disp",31,"brassicae"
"I6-5",7,"D",2,"2021-06-02","2021-06-14",9,288,10,12,"no_disp",42,"brassicae"
"I6-5",8,"D",2,"2021-06-02","2021-06-14",16,295,10,12,"no_disp",40,"brassicae"
"I6-5",9,"F",2,"2021-06-02","2021-06-14",9,288,10,12,"null_disp",36,"brassicae"
"I6-5",10,"F",2,"2021-06-02","2021-06-14",9,288,10,12,"null_disp",56,"brassicae"
"I6-5",11,"F",2,"2021-06-02",NA,NA,NA,NA,NA,"null_disp",0,"brassicae"
"I6-5",12,"F",2,"2021-06-02","2021-06-14",9,288,10,12,"null_disp",34,"brassicae"
"I6-5",13,"F",2,"2021-06-02",NA,NA,NA,NA,NA,"null_disp",0,"brassicae"
"I6-5",14,"D",2,"2021-06-02","2021-06-14",9,288,10,12,"no_disp",45,"brassicae"
"I6-5",15,"D",2,"2021-06-02","2021-06-14",16,295,10,12,"yes_disp",45,"brassicae"
"I6-5",16,"D",2,"2021-06-02","2021-06-15",9,312,11,13,"no_disp",40,"brassicae"
"I6-5",17,"D",2,"2021-06-02",NA,NA,NA,NA,NA,"no_disp",0,"brassicae"
"I6-5",18,"D",2,"2021-06-02","2021-06-14",16,295,10,12,"no_disp",44,"brassicae"
"I6-5",19,"D",2,"2021-06-02","2021-06-14",9,288,10,12,"no_disp",42,"brassicae"
"I6-5",20,"D",2,"2021-06-02","2021-06-15",9,312,11,13,"no_disp",46,"brassicae"
"I6-5",21,"D",2,"2021-06-02","2021-06-14",9,288,10,12,"no_disp",45,"brassicae"
"I6-5",1,"F",3,"2021-06-08","2021-06-21",9,312,11,13,"null_disp",19,"brassicae"
"I6-5",2,"F",3,"2021-06-08",NA,NA,NA,NA,NA,"null_disp",0,"brassicae"
"I6-5",3,"F",3,"2021-06-08",NA,NA,NA,NA,NA,"null_disp",0,"brassicae"
"I6-5",4,"D",3,"2021-06-08",NA,NA,NA,NA,NA,"no_disp",0,"brassicae"
"I6-5",5,"D",3,"2021-06-08",NA,NA,NA,NA,NA,"no_disp",0,"brassicae"
"I6-5",6,"D",3,"2021-06-08",NA,NA,NA,NA,NA,"no_disp",0,"brassicae"
"I6-5",7,"D",3,"2021-06-08",NA,NA,NA,NA,NA,"no_disp",1,"brassicae"
"I6-5",8,"D",3,"2021-06-08","2021-06-22",9,336,12,14,"no_disp",1,"brassicae"
"I6-5",9,"D",3,"2021-06-08","2021-06-22",12,339,12,14,"no_disp",15,"brassicae"
"ISA11235",1,"F",4,"2021-06-16",NA,NA,NA,NA,NA,"null_disp",0,"principium"
"ISA11235",2,"F",4,"2021-06-16","2021-06-29",12,315,11,13,"null_disp",19,"principium"
"ISA11235",3,"F",4,"2021-06-16","2021-07-02",9,384,14,16,"null_disp",6,"principium"
"ISA11235",4,"F",4,"2021-06-16","2021-07-02",9,384,14,16,"null_disp",9,"principium"
"ISA11235",5,"F",4,"2021-06-16",NA,NA,NA,NA,NA,"null_disp",0,"principium"
"ISA11235",6,"F",4,"2021-06-16","2021-06-29",16,319,11,13,"null_disp",20,"principium"
"ISA11235",7,"F",4,"2021-06-16","2021-07-01",16,367,13,15,"null_disp",19,"principium"
"ISA11235",8,"F",4,"2021-06-16","2021-06-29",9,312,11,13,"null_disp",19,"principium"
"ISA11235",9,"F",4,"2021-06-16","2021-07-02",9,384,14,16,"null_disp",4,"principium"
"ISA11235",10,"F",4,"2021-06-16","2021-06-30",9,336,12,14,"null_disp",18,"principium"
"ISA11235",11,"F",4,"2021-06-16",NA,NA,NA,NA,NA,"null_disp",0,"principium"
"ISA11235",12,"F",4,"2021-06-16","2021-06-30",9,336,12,14,"null_disp",20,"principium"
"ISA11235",13,"D",4,"2021-06-16","2021-07-02",9,384,14,16,"no_disp",14,"principium"
"ISA11235",14,"D",4,"2021-06-16","2021-07-01",9,360,13,15,"no_disp",11,"principium"
"ISA11235",15,"D",4,"2021-06-16","2021-07-01",9,360,13,15,"no_disp",11,"principium"
"ISA11235",16,"D",4,"2021-06-16",NA,NA,NA,NA,NA,"no_disp",0,"principium"
"ISA11235",17,"D",4,"2021-06-16",NA,NA,NA,NA,NA,"no_disp",0,"principium"
"ISA11235",18,"D",4,"2021-06-16","2021-06-30",9,336,12,14,"no_disp",20,"principium"
"ISA11235",19,"D",4,"2021-06-16","2021-06-30",9,336,12,14,"no_disp",29,"principium"
"ISA11235",20,"D",4,"2021-06-16","2021-07-01",16,367,13,15,"no_disp",3,"principium"
"ISA11235",21,"D",4,"2021-06-16","2021-06-30",12,339,12,14,"no_disp",17,"principium"
"ISA11235",22,"D",4,"2021-06-16","2021-06-30",9,336,12,14,"no_disp",16,"principium"
"ISA11235",23,"D",4,"2021-06-16","2021-06-30",9,336,12,14,"no_disp",15,"principium"
"ISA11235",24,"D",4,"2021-06-16","2021-07-03",9,408,15,17,"no_disp",4,"principium"
"ISA11235",25,"D",4,"2021-06-16","2021-06-29",12,315,11,13,"yes_disp",15,"principium"
"ISA11235",26,"D",4,"2021-06-16","2021-06-30",9,336,12,14,"no_disp",19,"principium"
"ISA11235",27,"D",4,"2021-06-16",NA,NA,NA,NA,NA,"no_disp",0,"principium"
"ISA11235",28,"D",4,"2021-06-16",NA,NA,NA,NA,NA,"no_disp",0,"principium"
"ISA11235",29,"D",4,"2021-06-16","2021-07-01",9,360,13,15,"no_disp",19,"principium"
"ISA11235",30,"D",4,"2021-06-16","2021-06-30",12,339,12,14,"yes_disp",1,"principium"
"ISA11235",31,"D",4,"2021-06-16","2021-06-30",9,336,12,14,"no_disp",14,"principium"
"ISA11235",32,"D",4,"2021-06-16",NA,NA,NA,NA,NA,"no_disp",0,"principium"
"ISA11367",1,"F",1,"2021-06-01","2021-06-16",9,360,13,15,"null_disp",23,"principium"
"ISA11367",2,"F",1,"2021-06-01","2021-06-17",9,384,14,16,"null_disp",13,"principium"
"ISA11367",7,"D",1,"2021-06-01","2021-06-16",9,360,13,15,"no_disp",23,"principium"
"ISA11367",8,"D",1,"2021-06-01",NA,NA,NA,NA,NA,"no_disp",0,"principium"
"ISA11367",1,"F",4,"2021-06-16","2021-06-29",9,312,11,13,"null_disp",13,"principium"
"ISA11367",2,"F",4,"2021-06-16","2021-06-30",9,336,12,14,"null_disp",26,"principium"
"ISA11367",11,"D",4,"2021-06-16","2021-06-30",9,336,12,14,"no_disp",2,"principium"
"ISA11367",12,"D",4,"2021-06-16","2021-06-29",16,319,11,13,"no_disp",25,"principium"
"ISA11367",13,"D",4,"2021-06-16","2021-07-01",9,360,13,15,"no_disp",28,"principium"
"ISA11367",14,"D",4,"2021-06-16","2021-06-29",9,312,11,13,"no_disp",31,"principium"
"ISA11367",1,"F",5,"2021-06-24",NA,NA,NA,NA,NA,"null_disp",0,"principium"
"ISA11367",2,"F",5,"2021-06-24",NA,NA,NA,NA,NA,"null_disp",0,"principium"
"ISA11367",3,"F",5,"2021-06-24","2021-07-07",9,312,11,13,"null_disp",33,"principium"
"ISA11367",4,"F",5,"2021-06-24","2021-07-07",9,312,11,13,"null_disp",39,"principium"
"ISA11367",5,"F",5,"2021-06-24","2021-07-07",9,312,11,13,"null_disp",35,"principium"
"ISA11367",6,"F",5,"2021-06-24",NA,NA,NA,NA,NA,"null_disp",0,"principium"
"ISA11367",7,"F",5,"2021-06-24","2021-07-07",9,312,11,13,"null_disp",43,"principium"
"ISA11367",8,"F",5,"2021-06-24","2021-07-07",9,312,11,13,"null_disp",32,"principium"
"ISA11367",9,"D",5,"2021-06-24",NA,NA,NA,NA,NA,"no_disp",0,"principium"
"ISA11367",10,"D",5,"2021-06-24",NA,NA,NA,NA,NA,"no_disp",0,"principium"
"ISA11367",11,"D",5,"2021-06-24",NA,NA,NA,NA,NA,"no_disp",0,"principium"
"ISA11367",12,"D",5,"2021-06-24","2021-07-07",9,312,11,13,"no_disp",35,"principium"
"ISA11367",13,"D",5,"2021-06-24","2021-07-07",16,319,11,13,"no_disp",30,"principium"
"ISA11367",14,"D",5,"2021-06-24","2021-07-07",9,312,11,13,"no_disp",34,"principium"
"ISA11367",15,"D",5,"2021-06-24","2021-07-07",9,312,11,13,"no_disp",36,"principium"
"ISA11367",16,"D",5,"2021-06-24","2021-07-08",9,336,12,14,"yes_disp",33,"principium"
"ISA11367",17,"D",5,"2021-06-24",NA,NA,NA,NA,NA,"no_disp",0,"principium"
"ISA11367",18,"D",5,"2021-06-24",NA,NA,NA,NA,NA,"no_disp",0,"principium"
"ISA11367",19,"D",5,"2021-06-24",NA,NA,NA,NA,NA,"no_disp",1,"principium"
"ISA11367",20,"D",5,"2021-06-24","2021-07-07",9,312,11,13,"no_disp",33,"principium"
"ISA11367",21,"D",5,"2021-06-24","2021-07-07",16,319,11,13,"no_disp",28,"principium"
"ISA11367",22,"D",5,"2021-06-24","2021-07-07",9,312,11,13,"no_disp",24,"principium"
"ISA11967",1,"F",1,"2021-06-01",NA,NA,NA,NA,NA,"null_disp",0,"bourarachae"
"ISA11967",2,"F",1,"2021-06-01","2021-06-17",9,384,14,16,"null_disp",5,"bourarachae"
"ISA11967",3,"F",1,"2021-06-01","2021-06-16",9,360,13,15,"null_disp",22,"bourarachae"
"ISA11967",4,"F",1,"2021-06-01",NA,NA,NA,NA,NA,"null_disp",0,"bourarachae"
"ISA11967",5,"F",1,"2021-06-01","2021-06-17",9,384,14,16,"null_disp",19,"bourarachae"
"ISA11967",6,"F",1,"2021-06-01","2021-06-17",16,391,14,16,"null_disp",6,"bourarachae"
"ISA11967",7,"D",1,"2021-06-01",NA,NA,NA,NA,NA,"no_disp",0,"bourarachae"
"ISA11967",8,"D",1,"2021-06-01",NA,NA,NA,NA,NA,"no_disp",0,"bourarachae"
"ISA11967",9,"D",1,"2021-06-01",NA,NA,NA,NA,NA,"no_disp",0,"bourarachae"
"ISA11967",10,"D",1,"2021-06-01",NA,NA,NA,NA,NA,"no_disp",0,"bourarachae"
"ISA11967",11,"D",1,"2021-06-01",NA,NA,NA,NA,NA,"no_disp",0,"bourarachae"
"ISA11967",12,"D",1,"2021-06-01","2021-06-17",9,384,14,16,"no_disp",16,"bourarachae"
"ISA11967",13,"D",1,"2021-06-01",NA,NA,NA,NA,NA,"no_disp",0,"bourarachae"
"ISA11967",14,"D",1,"2021-06-01","2021-06-17",9,384,14,16,"yes_disp",18,"bourarachae"
"ISA11967",15,"D",1,"2021-06-01","2021-06-15",9,336,12,14,"no_disp",1,"bourarachae"
"ISA11967",16,"D",1,"2021-06-01","2021-06-14",16,319,11,13,"yes_disp",30,"bourarachae"
"ISA11967",17,"D",1,"2021-06-01","2021-06-17",9,384,14,16,"no_disp",1,"bourarachae"
"ISA11967",1,"F",2,"2021-06-02","2021-06-16",9,336,12,14,"null_disp",23,"bourarachae"
"ISA11967",2,"F",2,"2021-06-02","2021-06-16",9,336,12,14,"null_disp",1,"bourarachae"
"ISA11967",3,"F",2,"2021-06-02","2021-06-18",9,384,14,16,"null_disp",1,"bourarachae"
"ISA11967",4,"F",2,"2021-06-02",NA,NA,NA,NA,NA,"null_disp",0,"bourarachae"
"ISA11967",5,"F",2,"2021-06-02","2021-06-15",12,315,11,13,"null_disp",33,"bourarachae"
"ISA11967",6,"F",2,"2021-06-02","2021-06-16",9,336,12,14,"null_disp",31,"bourarachae"
"ISA11967",7,"D",2,"2021-06-02","2021-06-15",9,312,11,13,"no_disp",27,"bourarachae"
"ISA11967",8,"D",2,"2021-06-02","2021-06-15",9,312,11,13,"no_disp",10,"bourarachae"
"ISA11967",9,"D",2,"2021-06-02",NA,NA,NA,NA,NA,"no_disp",0,"bourarachae"
"ISA11967",10,"D",2,"2021-06-02","2021-06-16",12,339,12,14,"no_disp",3,"bourarachae"
"ISA11967",11,"D",2,"2021-06-02",NA,NA,NA,NA,NA,"no_disp",0,"bourarachae"
"ISA11967",12,"D",2,"2021-06-02","2021-06-19",9,408,15,17,"no_disp",1,"bourarachae"
"ISA11967",13,"D",2,"2021-06-02",NA,NA,NA,NA,NA,"no_disp",0,"bourarachae"
"ISA11967",14,"D",2,"2021-06-02","2021-06-17",9,360,13,15,"no_disp",3,"bourarachae"
"ISA11967",15,"D",2,"2021-06-02","2021-06-16",9,336,12,14,"no_disp",32,"bourarachae"
"ISA11967",16,"D",2,"2021-06-02","2021-06-17",9,360,13,15,"no_disp",22,"bourarachae"
"ISA11969",1,"F",1,"2021-06-01",NA,NA,NA,NA,NA,"null_disp",1,"bourarachae"
"ISA11969",2,"F",1,"2021-06-01","2021-06-16",9,360,13,15,"null_disp",20,"bourarachae"
"ISA11969",3,"F",1,"2021-06-01",NA,NA,NA,NA,NA,"null_disp",0,"bourarachae"
"ISA11969",7,"D",1,"2021-06-01",NA,NA,NA,NA,NA,"no_disp",0,"bourarachae"
"ISA11969",8,"D",1,"2021-06-01","2021-06-14",16,319,11,13,"no_disp",1,"bourarachae"
"ISA11969",9,"D",1,"2021-06-01","2021-06-15",12,339,12,14,"yes_disp",27,"bourarachae"
"ISA11969",10,"D",1,"2021-06-01","2021-06-15",9,336,12,14,"no_disp",25,"bourarachae"
"ISA11969",11,"D",1,"2021-06-01",NA,NA,NA,NA,NA,"no_disp",0,"bourarachae"
"ISA11969",12,"D",1,"2021-06-01",NA,NA,NA,NA,NA,"no_disp",0,"bourarachae"
"ISA11969",1,"F",2,"2021-06-02","2021-06-16",9,336,12,14,"null_disp",25,"bourarachae"
"ISA11969",2,"F",2,"2021-06-02","2021-06-17",9,360,13,15,"null_disp",20,"bourarachae"
"ISA11969",3,"F",2,"2021-06-02","2021-06-16",9,336,12,14,"null_disp",32,"bourarachae"
"ISA11969",4,"F",2,"2021-06-02","2021-06-17",9,360,13,15,"null_disp",28,"bourarachae"
"ISA11969",5,"F",2,"2021-06-02","2021-06-17",9,360,13,15,"null_disp",19,"bourarachae"
"ISA11969",6,"F",2,"2021-06-02","2021-06-16",9,336,12,14,"null_disp",34,"bourarachae"
"ISA11969",7,"D",2,"2021-06-02","2021-06-16",9,336,12,14,"no_disp",20,"bourarachae"
"ISA11969",8,"D",2,"2021-06-02",NA,NA,NA,NA,NA,"no_disp",12,"bourarachae"
"ISA11969",9,"D",2,"2021-06-02","2021-06-16",9,336,12,14,"no_disp",36,"bourarachae"
"ISA11969",10,"D",2,"2021-06-02","2021-06-16",9,336,12,14,"no_disp",25,"bourarachae"
"ISA11969",11,"D",2,"2021-06-02","2021-06-16",9,336,12,14,"no_disp",26,"bourarachae"
"ISA11969",12,"D",2,"2021-06-02","2021-06-17",9,360,13,15,"no_disp",24,"bourarachae"
"ISA11969",13,"D",2,"2021-06-02","2021-06-17",9,360,13,15,"no_disp",14,"bourarachae"
"ISA11969",14,"D",2,"2021-06-02",NA,NA,NA,NA,NA,"no_disp",0,"bourarachae"
"ISA11969",15,"D",2,"2021-06-02","2021-06-16",9,336,12,14,"no_disp",13,"bourarachae"
"ISA11969",16,"D",2,"2021-06-02","2021-06-16",9,336,12,14,"no_disp",23,"bourarachae"
"ISA11969",17,"F",2,"2021-06-02","2021-06-16",9,336,12,14,"null_disp",16,"bourarachae"
"ISA11969",18,"F",2,"2021-06-02","2021-06-17",9,360,13,15,"null_disp",7,"bourarachae"
"ISA11969",19,"F",2,"2021-06-02","2021-06-16",9,336,12,14,"null_disp",26,"bourarachae"
"ISA11969",20,"D",2,"2021-06-02","2021-06-18",9,384,14,16,"no_disp",21,"bourarachae"
"ISA11969",21,"D",2,"2021-06-02",NA,NA,NA,NA,NA,"no_disp",0,"bourarachae"
"ISA11969",22,"D",2,"2021-06-02","2021-06-18",9,384,14,16,"no_disp",26,"bourarachae"
"ISA11969",23,"D",2,"2021-06-02","2021-06-16",9,336,12,14,"no_disp",28,"bourarachae"
"ISA5544",1,"F",1,"2021-06-01","2021-06-13",9,288,10,12,"null_disp",2,"bourarachae"
"ISA5544",2,"F",1,"2021-06-01",NA,NA,NA,NA,NA,"null_disp",1,"bourarachae"
"ISA5544",7,"D",1,"2021-06-01","2021-06-16",9,360,13,15,"no_disp",10,"bourarachae"
"ISA5544",8,"D",1,"2021-06-01",NA,NA,NA,NA,NA,"no_disp",0,"bourarachae"
"ISA5544",1,"F",2,"2021-06-02",NA,NA,NA,NA,NA,"null_disp",0,"bourarachae"
"ISA5544",2,"F",2,"2021-06-02","2021-06-17",9,360,13,15,"null_disp",23,"bourarachae"
"ISA5544",3,"F",2,"2021-06-02","2021-06-16",16,343,12,14,"null_disp",19,"bourarachae"
"ISA5544",4,"F",2,"2021-06-02","2021-06-16",9,336,12,14,"null_disp",24,"bourarachae"
"ISA5544",5,"F",2,"2021-06-02",NA,NA,NA,NA,NA,"null_disp",0,"bourarachae"
"ISA5544",6,"F",2,"2021-06-02","2021-06-16",12,339,12,14,"null_disp",27,"bourarachae"
"ISA5544",7,"D",2,"2021-06-02","2021-06-17",9,360,13,15,"yes_disp",1,"bourarachae"
"ISA5544",8,"D",2,"2021-06-02",NA,NA,NA,NA,NA,"no_disp",0,"bourarachae"
"ISA5544",9,"D",2,"2021-06-02","2021-06-17",9,360,13,15,"no_disp",24,"bourarachae"
"ISA5544",10,"D",2,"2021-06-02","2021-06-16",9,336,12,14,"no_disp",8,"bourarachae"
"ISA5544",11,"D",2,"2021-06-02","2021-06-16",9,336,12,14,"no_disp",30,"bourarachae"
"ISA5544",12,"D",2,"2021-06-02","2021-06-17",9,360,13,15,"no_disp",34,"bourarachae"
"ISA5544",13,"D",2,"2021-06-02","2021-06-16",9,336,12,14,"no_disp",32,"bourarachae"
"ISA5544",14,"D",2,"2021-06-02","2021-06-17",9,360,13,15,"no_disp",32,"bourarachae"
"ISA5544",15,"D",2,"2021-06-02","2021-06-16",9,336,12,14,"no_disp",35,"bourarachae"
"ISA5544",16,"D",2,"2021-06-02","2021-06-17",9,360,13,15,"no_disp",25,"bourarachae"
"ISA5544",17,"F",2,"2021-06-02","2021-06-17",9,360,13,15,"null_disp",2,"bourarachae"
"ISA5544",18,"D",2,"2021-06-02",NA,NA,NA,NA,NA,"no_disp",0,"bourarachae"
"ISA5544",19,"D",2,"2021-06-02",NA,NA,NA,NA,NA,"no_disp",0,"bourarachae"
"ISA6646",1,"F",1,"2021-06-01","2021-06-15",9,336,12,14,"null_disp",5,"bourarachae"
"ISA6646",2,"F",1,"2021-06-01",NA,NA,NA,NA,NA,"null_disp",0,"bourarachae"
"ISA6646",3,"F",1,"2021-06-01","2021-06-14",9,312,11,13,"null_disp",22,"bourarachae"
"ISA6646",4,"F",1,"2021-06-01","2021-06-14",12,315,11,13,"null_disp",20,"bourarachae"
"ISA6646",5,"F",1,"2021-06-01","2021-06-16",9,360,13,15,"null_disp",8,"bourarachae"
"ISA6646",6,"F",1,"2021-06-01","2021-06-14",9,312,11,13,"null_disp",25,"bourarachae"
"ISA6646",7,"D",1,"2021-06-01","2021-06-15",9,336,12,14,"no_disp",15,"bourarachae"
"ISA6646",8,"D",1,"2021-06-01","2021-06-15",9,336,12,14,"no_disp",22,"bourarachae"
"ISA6646",9,"D",1,"2021-06-01",NA,NA,NA,NA,NA,"no_disp",0,"bourarachae"
"ISA6646",10,"D",1,"2021-06-01","2021-06-15",9,336,12,14,"yes_disp",9,"bourarachae"
"ISA6646",11,"D",1,"2021-06-01","2021-06-15",9,336,12,14,"no_disp",23,"bourarachae"
"ISA6646",12,"D",1,"2021-06-01",NA,NA,NA,NA,NA,"no_disp",0,"bourarachae"
"ISA6646",13,"D",1,"2021-06-01","2021-06-14",9,312,11,13,"no_disp",19,"bourarachae"
"ISA6646",14,"D",1,"2021-06-01","2021-06-14",12,315,11,13,"yes_disp",20,"bourarachae"
"ISA6646",15,"D",1,"2021-06-01",NA,NA,NA,NA,NA,"no_disp",0,"bourarachae"
"ISA6646",1,"F",2,"2021-06-02","2021-06-16",9,336,12,14,"null_disp",13,"bourarachae"
"ISA6646",2,"F",2,"2021-06-02","2021-06-16",9,336,12,14,"null_disp",16,"bourarachae"
"ISA6646",3,"F",2,"2021-06-02","2021-06-16",9,336,12,14,"null_disp",29,"bourarachae"
"ISA6646",4,"F",2,"2021-06-02","2021-06-16",16,343,12,14,"null_disp",24,"bourarachae"
"ISA6646",5,"F",2,"2021-06-02","2021-06-16",9,336,12,14,"null_disp",9,"bourarachae"
"ISA6646",6,"F",2,"2021-06-02","2021-06-16",9,336,12,14,"null_disp",25,"bourarachae"
"ISA6646",7,"D",2,"2021-06-02","2021-06-17",9,360,13,15,"no_disp",14,"bourarachae"
"ISA6646",8,"D",2,"2021-06-02","2021-06-17",9,360,13,15,"no_disp",26,"bourarachae"
"ISA6646",9,"D",2,"2021-06-02",NA,NA,NA,NA,NA,"no_disp",0,"bourarachae"
"ISA6646",10,"D",2,"2021-06-02","2021-06-18",9,384,14,16,"no_disp",14,"bourarachae"
"ISA6646",11,"D",2,"2021-06-02","2021-06-17",9,360,13,15,"no_disp",13,"bourarachae"
"ISA6646",12,"D",2,"2021-06-02","2021-06-16",9,336,12,14,"no_disp",6,"bourarachae"
"ISA6646",13,"D",2,"2021-06-02","2021-06-16",9,336,12,14,"no_disp",19,"bourarachae"
"ISA6646",14,"D",2,"2021-06-02","2021-06-17",12,363,13,15,"no_disp",8,"bourarachae"
"ISA6646",15,"D",2,"2021-06-02",NA,NA,NA,NA,NA,"no_disp",0,"bourarachae"
"ISA6646",16,"D",2,"2021-06-02",NA,NA,NA,NA,NA,"no_disp",0,"bourarachae"
"ISA6646",17,"D",2,"2021-06-02","2021-06-16",9,336,12,14,"no_disp",28,"bourarachae"
"N-05",1,"F",5,"2021-06-24","2021-07-08",9,336,12,14,"null_disp",26,"evanescens"
"N-05",2,"F",5,"2021-06-24",NA,NA,NA,NA,NA,"null_disp",0,"evanescens"
"N-05",3,"F",5,"2021-06-24",NA,NA,NA,NA,NA,"null_disp",0,"evanescens"
"N-05",17,"D",5,"2021-06-24","2021-07-07",9,312,11,13,"yes_disp",25,"evanescens"
"N-05",18,"D",5,"2021-06-24",NA,NA,NA,NA,NA,"no_disp",0,"evanescens"
"N-05",19,"D",5,"2021-06-24",NA,NA,NA,NA,NA,"no_disp",0,"evanescens"
"N-05",20,"D",5,"2021-06-24",NA,NA,NA,NA,NA,"no_disp",0,"evanescens"
"N-05",21,"D",5,"2021-06-24",NA,NA,NA,NA,NA,"no_disp",0,"evanescens"
"PR002",1,"F",4,"2021-06-16","2021-06-29",9,312,11,13,"null_disp",35,"brassicae"
"PR002",2,"F",4,"2021-06-16",NA,NA,NA,NA,NA,"null_disp",0,"brassicae"
"PR002",3,"F",4,"2021-06-16","2021-06-28",9,288,10,12,"null_disp",27,"brassicae"
"PR002",4,"F",4,"2021-06-16",NA,NA,NA,NA,NA,"null_disp",0,"brassicae"
"PR002",5,"F",4,"2021-06-16","2021-06-28",9,288,10,12,"null_disp",39,"brassicae"
"PR002",6,"F",4,"2021-06-16","2021-06-28",9,288,10,12,"null_disp",48,"brassicae"
"PR002",7,"D",4,"2021-06-16","2021-06-29",9,312,11,13,"no_disp",43,"brassicae"
"PR002",8,"D",4,"2021-06-16",NA,NA,NA,NA,NA,"no_disp",0,"brassicae"
"PR002",9,"D",4,"2021-06-16","2021-06-29",9,312,11,13,"yes_disp",43,"brassicae"
"PR002",10,"D",4,"2021-06-16","2021-06-28",9,288,10,12,"no_disp",50,"brassicae"
"PR002",11,"D",4,"2021-06-16",NA,NA,NA,NA,NA,"no_disp",0,"brassicae"
"PR002",12,"D",4,"2021-06-16",NA,NA,NA,NA,NA,"no_disp",0,"brassicae"
"PR002",13,"D",4,"2021-06-16","2021-06-29",9,312,11,13,"no_disp",43,"brassicae"
"PR002",14,"D",4,"2021-06-16",NA,NA,NA,NA,NA,"no_disp",0,"brassicae"
"PR002",15,"D",4,"2021-06-16","2021-06-30",9,336,12,14,"null_disp",41,"brassicae"
"PR002",16,"D",4,"2021-06-16",NA,NA,NA,NA,NA,"no_disp",0,"brassicae"
"PR002",17,"F",4,"2021-06-16","2021-06-29",9,312,11,13,"null_disp",1,"brassicae"
"PR002",18,"F",4,"2021-06-16","2021-06-28",12,291,10,12,"null_disp",35,"brassicae"
"PR002",19,"F",4,"2021-06-16",NA,NA,NA,NA,NA,"null_disp",3,"brassicae"
"PR002",20,"F",4,"2021-06-16","2021-06-29",12,315,11,13,"null_disp",23,"brassicae"
"PR002",21,"D",4,"2021-06-16",NA,NA,NA,NA,NA,"no_disp",0,"brassicae"
"PR002",22,"D",4,"2021-06-16",NA,NA,NA,NA,NA,"no_disp",0,"brassicae"
"PR002",23,"D",4,"2021-06-16","2021-07-01",9,360,13,15,"no_disp",1,"brassicae"
"PR002",24,"D",4,"2021-06-16","2021-06-29",9,312,11,13,"no_disp",16,"brassicae"
"PR002",25,"D",4,"2021-06-16",NA,NA,NA,NA,NA,"no_disp",0,"brassicae"
"PR002",26,"D",4,"2021-06-16","2021-06-28",9,288,10,12,"no_disp",37,"brassicae"
"PR007",1,"F",4,"2021-06-16",NA,NA,NA,NA,NA,"null_disp",0,"semblidis"
"PR007",2,"F",4,"2021-06-16",NA,NA,NA,NA,NA,"null_disp",0,"semblidis"
"PR007",3,"F",4,"2021-06-16",NA,NA,NA,NA,NA,"null_disp",0,"semblidis"
"PR007",4,"F",4,"2021-06-16","2021-06-28",9,288,10,12,"null_disp",42,"semblidis"
"PR007",5,"F",4,"2021-06-16","2021-06-28",12,291,10,12,"null_disp",53,"semblidis"
"PR007",6,"F",4,"2021-06-16",NA,NA,NA,NA,NA,"null_disp",0,"semblidis"
"PR007",7,"F",4,"2021-06-16","2021-06-30",9,336,12,14,"null_disp",37,"semblidis"
"PR007",8,"F",4,"2021-06-16",NA,NA,NA,NA,NA,"null_disp",0,"semblidis"
"PR007",9,"F",4,"2021-06-16",NA,NA,NA,NA,NA,"null_disp",0,"semblidis"
"PR007",10,"F",4,"2021-06-16",NA,NA,NA,NA,NA,"null_disp",0,"semblidis"
"PR007",11,"F",4,"2021-06-16","2021-06-28",9,288,10,12,"null_disp",41,"semblidis"
"PR007",12,"F",4,"2021-06-16",NA,NA,NA,NA,NA,"null_disp",0,"semblidis"
"PR007",13,"D",4,"2021-06-16","2021-06-28",9,288,10,12,"no_disp",44,"semblidis"
"PR007",14,"D",4,"2021-06-16","2021-06-29",9,312,11,13,"yes_disp",23,"semblidis"
"PR007",15,"D",4,"2021-06-16",NA,NA,NA,NA,NA,"no_disp",0,"semblidis"
"PR007",16,"D",4,"2021-06-16","2021-06-30",12,339,12,14,"yes_disp",1,"semblidis"
"PR007",17,"D",4,"2021-06-16",NA,NA,NA,NA,NA,"no_disp",1,"semblidis"
"PR007",18,"D",4,"2021-06-16","2021-06-28",16,295,10,12,"yes_disp",43,"semblidis"
"PR007",19,"D",4,"2021-06-16","2021-06-28",9,288,10,12,"no_disp",43,"semblidis"
"PR007",20,"D",4,"2021-06-16",NA,NA,NA,NA,NA,"no_disp",0,"semblidis"
"PR007",21,"D",4,"2021-06-16",NA,NA,NA,NA,NA,"no_disp",0,"semblidis"
"PR007",22,"D",4,"2021-06-16","2021-06-29",9,312,11,13,"yes_disp",3,"semblidis"
"PR007",23,"D",4,"2021-06-16",NA,NA,NA,NA,NA,"no_disp",0,"semblidis"
"PR007",24,"D",4,"2021-06-16",NA,NA,NA,NA,NA,"no_disp",0,"semblidis"
"PR007",25,"D",4,"2021-06-16",NA,NA,NA,NA,NA,"no_disp",0,"semblidis"
"PR007",26,"D",4,"2021-06-16",NA,NA,NA,NA,NA,"no_disp",0,"semblidis"
"PR007",27,"D",4,"2021-06-16","2021-06-28",9,288,10,12,"no_disp",16,"semblidis"
"PR007",28,"D",4,"2021-06-16",NA,NA,NA,NA,NA,"no_disp",0,"semblidis"
"PR007",29,"D",4,"2021-06-16","2021-06-28",9,288,10,12,"yes_disp",65,"semblidis"
"PR007",30,"D",4,"2021-06-16",NA,NA,NA,NA,NA,"no_disp",0,"semblidis"
"PR007",31,"D",4,"2021-06-16","2021-06-30",12,339,12,14,"no_disp",1,"semblidis"
"PR007",32,"D",4,"2021-06-16","2021-06-28",16,295,10,12,"no_disp",41,"semblidis"
"Q-05",1,"F",1,"2021-06-01","2021-06-14",9,312,11,13,"null_disp",38,"evanescens"
"Q-05",2,"F",1,"2021-06-01","2021-06-14",9,312,11,13,"null_disp",39,"evanescens"
"Q-05",3,"F",1,"2021-06-01",NA,NA,NA,NA,NA,"null_disp",0,"evanescens"
"Q-05",4,"F",1,"2021-06-01",NA,NA,NA,NA,NA,"null_disp",0,"evanescens"
"Q-05",5,"F",1,"2021-06-01","2021-06-15",12,339,12,14,"null_disp",25,"evanescens"
"Q-05",6,"F",1,"2021-06-01","2021-06-14",9,312,11,13,"null_disp",25,"evanescens"
"Q-05",7,"D",1,"2021-06-01","2021-06-15",9,336,12,14,"no_disp",22,"evanescens"
"Q-05",8,"D",1,"2021-06-01",NA,NA,NA,NA,NA,"no_disp",0,"evanescens"
"Q-05",9,"D",1,"2021-06-01",NA,NA,NA,NA,NA,"no_disp",0,"evanescens"
"Q-05",10,"D",1,"2021-06-01","2021-06-15",9,336,12,14,"yes_disp",31,"evanescens"
"Q-05",11,"D",1,"2021-06-01",NA,NA,NA,NA,NA,"no_disp",0,"evanescens"
"Q-05",12,"D",1,"2021-06-01",NA,NA,NA,NA,NA,"no_disp",0,"evanescens"
"Q-05",13,"D",1,"2021-06-01",NA,NA,NA,NA,NA,"no_disp",0,"evanescens"
"Q-05",14,"D",1,"2021-06-01","2021-06-15",9,336,12,14,"no_disp",29,"evanescens"
"Q-05",15,"D",1,"2021-06-01","2021-06-14",9,312,11,13,"no_disp",27,"evanescens"
"Q-05",16,"D",1,"2021-06-01","2021-06-14",16,319,11,13,"no_disp",32,"evanescens"
"Q-05",17,"F",1,"2021-06-01","2021-06-14",16,319,11,13,"null_disp",37,"evanescens"
"Q-05",18,"D",1,"2021-06-01",NA,NA,NA,NA,NA,"no_disp",0,"evanescens"
"Q-05",19,"D",1,"2021-06-01",NA,NA,NA,NA,NA,"no_disp",0,"evanescens"
"Q-05",20,"D",1,"2021-06-01",NA,NA,NA,NA,NA,"no_disp",1,"evanescens"
"Q-05",21,"D",1,"2021-06-01",NA,NA,NA,NA,NA,"no_disp",0,"evanescens"
"Q-05",22,"D",1,"2021-06-01","2021-06-15",9,336,12,14,"no_disp",26,"evanescens"
"Q-05",23,"F",1,"2021-06-01",NA,NA,NA,NA,NA,"null_disp",0,"evanescens"
